"Species","Group","Median_S","LCI_S","UCI_S","Median_W","LCI_W","UCI_W","Median_diff","LCI_diff","UCI_diff"
"Eurasian Tree Sparrow",0,2611,2561.9,2715.7625,2731.1,2606.2,2848,-108.275,-273.76625,66.0587500000002
"Large-billed Crow",2,3725.3,3686,3748,3434,3429.4775,3441.04375,291.299999999999,252,314.015
"Plumbeous Redstart",2,3117.35,2878.35,3278.05,2474,2388,2552.75875,630.525,377.045000000001,821.863749999999
"White-capped Redstart",2,4346.4,4217,4359,2775,2615,2836.88,1554,1412,1718.11
"Ashy-throated Warbler",2,3380.95,3244.8,3478.0375,2768,2677,2804.43,635.3,476.845,766
"Fire-breasted Flowerpecker",2,2749,2715.85,2750.1,2345.7,2233,2463,397.9,286,516
"Green-backed Tit",0,2964.4,2898,3009.82375,2962,2888.46875,2962,12.6250000000005,-60,96.8175000000015
"Indian White-eye",2,2543.2,2388.0525,2556.25,1998.1,1863.1,2309,533.125000000002,186.327499999996,685.5125
"Lemon-rumped Warbler",2,3518,3518,3518,2718.175,2552.32875,2884.02125,799.825,633.97875,965.67125
"Chestnut-tailed Minla",2,3268.45,3146,3361,2819,2756.995,2915.8,447.9,309.320000000001,570.7425
"Green-tailed Sunbird",2,3146,3141.8,3146,2584.8,2469.1925,2677,561.2,469,676.8
"Rufous-capped Babbler",2,2929.05,2866.51,2983.3575,2624.3,2558.96,2632.3825,340.85,239.49,357.665
"Rufous-vented Yuhina",2,3527.9,3449.6525,3609.85,2669.8,2560.3225,2678.8,874.9,782.042499999999,993.462499999999
"Blue-throated Barbet",0,1425.8,1397.6,1461,1538.4,1382.2,1699.115,-104.899999999999,-270.4925,63.0325
"Bronzed Drongo",0,2102.2,1679.24,2275.9,1716,1403.88,1748.54,441.6,-39.4800000000001,791.799999999999
"Chestnut-bellied Nuthatch",0,2052.5,1833.91875,2235.75,1954,1536.935,2109.265,111.5,-184.322499999998,500.992500000001
"Common Hill Myna",1,1299.2,664.25,1703.05,1947.4,1861.96,1962.17,-631.6,-1219.2625,-251.805
"Maroon Oriole",2,2677,2474,2677,1826.125,1398.0525,2033.45,814.849999999999,499.755,1264.945
"Rusty-fronted Barwing",0,2474,2463,2474,2463,2303.4625,2474,10.4499999999998,-11,169.9875
"Streaked Spiderhunter",2,2107.5,2057.38,2439.8,1339,1235.32,1383.2,767,697.536249999999,1096.44
"White-throated Bulbul",0,1084,994,1273,1142.05,1061.33,1431.95,-76.9999999999998,-429.47,199
"Blue Whistling-Thrush",2,3141.4,3137,3258.49125,2979,2962,3060.04125,165.199999999999,96.2000000000035,279.449999999999
"White-throated Kingfisher",1,1232.25,1209,1371.69125,1545,1309.09875,1817.5,-297.474999999999,-566.98125,-41.1475000000003
"Great Barbet",2,2562,2526,2677,2355,2228,2463,215.025,94.2974999999984,381.400000000001
"Orange-bellied Leafbird",1,1834.6,1739,1927,2186.7,1962.35,2463,-365.349999999999,-694.6975,-98.2700000000009
"Red-tailed Minla",2,3040.2,2984.62375,3130.75,2471.8,2244.9475,2585.1,581.775,432.04625,823.2125
"White-crested Laughingthrush",0,1739,1738.2425,1936.81,1819.35,1739,1935,-58.7250000000007,-196,125.014999999999
"Black Bulbul",2,2785.85,2749,2839.0525,2412.5,2156,2467.4,382.95,286,648.119999999999
"Black-hooded Oriole",0,540,529,540,499.4,406.7925,540,38.5,-2.75,133.2075
"Black-throated Tit",0,2615.4,2469.2225,2858,2669.65,2470.9475,2677.35,-11.1000000000008,-203.817500000001,330.8475
"Golden-throated Barbet",0,2404.425,2232,2474,2403,2315.425,2474,-24.3750000000009,-240.84125,135.445
"Gray-hooded Warbler",0,2448.9,2368,2474,2325,2264.74375,2374,102.975,-1.46749999999982,181.86125
"Mountain Bulbul",1,2050.6,1955.2875,2298.65,2467.4,2350.325,2474,-392.400000000001,-512.84,-59.0275000000001
"Spotted Dove",2,2192,2015,2290.11875,1639.85,1400.76125,1869.8475,534.950000000001,240.946250000001,838.80375
"White-throated Fantail",2,2488.3,2474,2578.85,2213.9,1979.43875,2310,297.25,164,538.25125
"Asian Pied Starling",0,419,317.5975,444.2,461.125,333.375,538.2,-35.8749999999997,-146.3575,87.2999999999996
"Beautiful Sibia",2,3046,2948.8125,3146,2474,2467.75,2474,572,477.025,673.845
"Black-throated Sunbird",2,2133.35,2029.85,2281.25,1788.6,1625.745,1976.2225,352.3,117.585,584.127499999999
"Bay Woodpecker",0,2474,2438.7125,2497.5425,2491.275,2156.19125,2508.6,-2.12500000000023,-36.7087499999995,317.808750000001
"Olive-backed Pipit",2,4053.5,3886.75,4097.65,2902,2851.6,2962,1141.725,984.13125,1241.65
"Small Niltava",2,2399.75,2046.44625,2474,1766.1,1575.43875,1843.90375,628.325000000001,282.1975,858.715
"Ashy Drongo",2,2836.9,2750.7975,2898.025,1759.65,1737.28625,1900.35,1066,945.06,1144.29125
"Hair-crested Drongo",2,1723,1572.195,1868.25125,1443.2,1324.58625,1610.99125,302.775,57.4962500000013,499.46125
"Red-vented Bulbul",0,1944,1857.5975,2015,1973.7,1935,2055,-39.1750000000006,-145.0025,52.6512499999959
"Chestnut-crowned Laughingthrush",2,3146,3146,3151.85,2979,2926.985,2990.42375,167,155.600000000004,219.015
"Streak-breasted Scimitar-Babbler",2,3066,2920.9175,3146,2740.6,2739,2764.8,317.6,167.0975,407
"Striated Laughingthrush",0,2746.2,2677,2771,2733.55,2677,2790.05,4.25,-93.0712500000001,94
"Rufous-winged Fulvetta",2,2960.875,2889.50625,3032.24375,2509,2389.3,2628.7,451.875,260.80625,642.94375
"Blue-winged Minla",2,2681.5,2490.9575,2698,2030.5,1816.685,2325,592.8,239.905000000001,856.8
"Gray Bushchat",2,3025.75,2938.80875,3046,2318.35,2076.69625,2330.8,721,633.95,948.955000000001
"Gray-headed Canary-Flycatcher",2,2561,2484.335,2691.72625,1699.875,1513.27375,1833.65,861.425000000001,710.12625,1064.5125
"Nepal Fulvetta",0,2158.5,1951.95,2449.25,1943.2,1844.7775,2044.5625,192.949999999998,-48.3099999999998,512.0575
"Russet Sparrow",0,3138.05,3086.95,3141.8075,3140,3139.4,3140,-1.80000000000018,-53.0500000000011,2.09999999999991
"White-tailed Nuthatch",2,3118.8,2802.91,3139.7,2766.2,2570.18125,2866,316.8,15.1362500000004,558.479999999999
"Himalayan Bulbul",0,2189.55,2015,2290,2089,1824.4,2251,115.75,-143.987499999999,399.4875
"Oriental Turtle-Dove",2,3140,3137,3232.85125,2850.8,2784.31625,2893.2,294.6,247.25,401.705000000002
"Rufous Sibia",2,3022.45,2943.975,3058.5,2805,2767.98375,2886.45,216.75,119.9825,268.222499999999
"Large Niltava",0,2246.325,2094.625,2306,2265.775,2098.625,2325,-18.2750000000005,-208.075,188.2125
"Greater Yellownape",0,2187,1961,2322.58,1942,1842.04,2081.5,222.599999999999,-43.7899999999997,420.77
"Black-crested Bulbul",2,1790.2,1568.28,1861.16,1283.1,1229.1125,1328.855,535.449999999999,246.1525,577.124999999999
"Common Green-Magpie",1,1551.7,1402,1596.25,1910.725,1697.45,2079.95,-396.349999999999,-642.2875,-132.887499999999
"Oriental Magpie-Robin",1,1597.7,1488.11125,1736,1784,1722,1862.0225,-190.975,-334.6075,-16.4962500000004
"Common Myna",0,1816.65,1719.5325,1945.0375,1965,1814.6825,2147.245,-157.95,-395.56125,24.3425000000004
"Common Tailorbird",1,1463.4,1406.2375,1648.35,1673,1582.955,1735.15,-200.85,-307.1025,-14.0424999999993
"Red-wattled Lapwing",1,1400.15,1245.2725,1613.8325,1644.65,1558.59,1690.95875,-205.3,-432.17125,-29.4275000000001
"Whiskered Yuhina",2,2814.9,2771,2839,2529.275,2469.78125,2633.6,291.25,167.759999999999,360.215
"Scarlet Minivet",2,2801,2600.58375,2962,1800.9,1656.9625,1922.01625,1005.5,777.456250000001,1240.31375
"White-collared Blackbird",2,3854.8,3710,3932,3402.8,3305.15,3407,457.95,305.97,567.9025
"Blue-fronted Redstart",2,4326.5,4317,4393,3088.8,3036.55,3111,1265.5,1212.225,1334.825
"Gray-backed Shrike",2,3460.625,3257.355,3685.85,2558.725,2530,2598,901.225,692.986249999999,1142.635
"Gray Treepie",0,1985.5,1848.39,2216.31375,2177.3,2040.2675,2297.73,-144.925000000001,-371.407500000001,111.35
"Red-whiskered Bulbul",0,1314.4,954,1488.31,1225.3,1144,1257.6,111.6,-293.2,320.905
"Chestnut-tailed Starling",2,1416,1230.5825,1498.8325,894.499999999999,823.415,1184.9,483.275,199.523750000002,632.492499999999
"Lesser Yellownape",2,2457.175,2077.53375,2474,1785.775,1510.2525,1883.405,625.649999999999,348.68,774.81125
"Chestnut-headed Tesia",2,3146,3146,3146,2358.8,2253.8675,2474,787.2,672,892.1325
"Stripe-throated Yuhina",2,3361,3234.32125,3368.7,2762.025,2702.065,2776.8,589.35,477.83,652.54
"Whistler's Warbler",2,3289.3,3175.15,3361,1840.6,1744.985,2063,1457.025,1208.82875,1596.3725
"Red-billed Chough",2,4773.35,4701.7,4885.6,4289.75,4138.16625,4339.2,507.525,377.400000000001,687.749999999999
"Eurasian Nutcracker",2,3722,3676.4825,3740.7,3639.1,3565,3680.75,84.5000000000002,35.7237500000005,159.9025
"Yellow-billed Blue-Magpie",0,3292.8,3145.985,3378.2,3371,3258.1,3427.7,-86.9750000000001,-241.160000000002,44.8125000000002
"White-throated Laughingthrush",2,3152.75,3092.8,3232.60125,2816.25,2731.78875,2868,341.150000000001,265.5275,445.113749999999
"Red-billed Leiothrix",2,2753.4,2749,2777.8175,2472.1,2347.46875,2641.3525,285.175,114,411.55375
"Long-tailed Shrike",2,3051.4,2869.70625,3199.4,2044.35,1933.47375,2290,994.4,693.96,1211.35
"Black Drongo",2,2348.75,2072.295,2605.02875,1487,1282.895,1744.42375,839.674999999998,391.594999999999,1236.13875
"House Sparrow",2,2079,1961.325,2186.7225,1854,1562.725,2032.6,228,40.6350000000006,554.716250000001
"Jungle Myna",0,1106.625,340.4825,1417.95,1144.3,814.445,1257.95,-16.9999999999995,-822.942499999999,426.0275
"Black-faced Laughingthrush",2,4164,4116,4249.5,3839.05,3752,3884.1,336,240.511250000001,471.33625
"Spotted Laughingthrush",1,3406.65,3326,3434.7,3542,3539.6,3542.3,-135.5,-216,-103.995
"Crimson Sunbird",2,1556,1455.6575,1801.62,1416.175,1395.145,1499.90125,146.65,34.5050000000001,384.623749999999
"House Crow",0,2563.6,2550.995,2616.05875,2558,2538,2563.7,11.6999999999998,-10.4112500000001,59.2287499999998
"Rusty-cheeked Scimitar-Babbler",0,1997.55,1947.4,2017,1959.85,1937.85,2004.475,25.75,-18.9,72.9
"Jungle Babbler",1,972.6,554.8325,1164.3875,1320.625,1207.4225,1469.8,-387.775000000001,-832.9875,-111.295
"Eurasian Collared-Dove",2,1167.69999999999,1067,1790.17,463,375.22,463,712.3,604,1327.17
