"Species","Group","Median_S","LCI_S","UCI_S","Median_W","LCI_W","UCI_W","Median_diff","LCI_diff","UCI_diff","elev_roundS","elev_roundW","maxTemp_June_mean","minTemp_June_mean","maxTemp_June_ci","minTemp_June_ci","tempRange_June","maxTemp_Jan_mean","minTemp_Jan_mean","maxTemp_Jan_ci","minTemp_Jan_ci","tempRange_Jan","ThermalRegime","Species3","Tree.name","HWI","Diet"
"Red-wattled Lapwing",1,1400.15,1245.2725,1613.8325,1644.65,1558.59,1690.95875,-205.3,-432.17125,-29.4275000000001,1400,1600,24.0707108578284,19.451799640072,0.0119630728366704,0.0126488271355564,4.61891121775645,13.026958307012,3.04011370814908,0.0320412434337288,0.0257665590682289,9.98684459886292,21.0305971496793,"Vanellus indicus","Vanellus_indicus",43.2386972,"invertebrates"
"White-throated Kingfisher",1,1232.25,1209,1371.69125,1545,1309.09875,1817.5,-297.474999999999,-566.98125,-41.1475000000003,1200,1500,25.0893087161872,20.4820666952913,0.0109226545265803,0.0111869571864997,4.60724202089595,13.6398242585909,3.61715047858152,0.0323460725620555,0.0253785621727127,10.0226737800094,21.4721582376057,"Halcyon smyrnensis","Halcyon_smyrnensis",20.24597458,"vertebrates"
"Bay Woodpecker",0,2474,2438.7125,2497.5425,2491.275,2156.19125,2508.6,-2.12500000000023,-36.7087499999995,317.808750000001,2500,2500,18.8248406139315,14.0319952774498,0.0235828083203425,0.0252483406293864,4.7928453364817,7.73605667060213,-2.16396694214876,0.0344990943898122,0.0370637649179759,9.90002361275089,20.9888075560803,"Blythipicus pyrrhotis","Blythipicus_pyrrhotis",12.33568599,"invertebrates"
"Greater Yellownape",0,2187,1961,2322.58,1942,1842.04,2081.5,222.599999999999,-43.7899999999997,420.77,2200,1900,20.2012205213074,15.4710591642532,0.0184162197454443,0.0195920417841669,4.7301613570542,11.2113057612425,1.27545602311721,0.0343526046599801,0.0304217196143785,9.93584973812534,18.9257644981902,"Picus flavinucha","Picus_flavinucha",23.75209001,"invertebrates"
"Lesser Yellownape",2,2457.175,2077.53375,2474,1785.775,1510.2525,1883.405,625.649999999999,348.68,774.81125,2500,1800,18.8248406139315,14.0319952774498,0.0235828083203425,0.0252483406293864,4.7928453364817,11.8308995426055,1.8936981196002,0.032187579097839,0.0276089536584374,9.93720142300525,16.9311424943313,"Picus chlorolophus","Picus_chlorolophus",23.79629568,"invertebrates"
"Golden-throated Barbet",0,2404.425,2232,2474,2403,2315.425,2474,-24.3750000000009,-240.84125,135.445,2400,2400,19.2857944344704,14.5157091561939,0.0189220981927332,0.0197535127200004,4.77008527827648,8.31696588868941,-1.58765709156194,0.0310316457269272,0.0319761757112239,9.90462298025135,20.8734515260323,"Megalaima franklinii","Megalaima_franklinii",16.72903508,"fruit"
"Blue-throated Barbet",0,1425.8,1397.6,1461,1538.4,1382.2,1699.115,-104.899999999999,-270.4925,63.0325,1400,1500,24.0707108578284,19.451799640072,0.0119630728366704,0.0126488271355564,4.61891121775645,13.6398242585909,3.61715047858152,0.0323460725620555,0.0253785621727127,10.0226737800094,20.4535603792469,"Megalaima asiatica","Megalaima_asiatica",17.49884742,"fruit"
"Great Barbet",2,2562,2526,2677,2355,2228,2463,215.025,94.2974999999984,381.400000000001,2600,2400,18.3618716701413,13.5391938846421,0.0239564046848664,0.0254194662071351,4.82267778549919,8.31696588868941,-1.58765709156194,0.0310316457269272,0.0319761757112239,9.90462298025135,19.9495287617032,"Megalaima virens","Megalaima_virens",21.67202429,"fruit"
"Scarlet Minivet",2,2801,2600.58375,2962,1800.9,1656.9625,1922.01625,1005.5,777.456250000001,1240.31375,2800,1800,17.5043603950855,12.6228378703927,0.0251533920959792,0.0263093173475517,4.88152252469284,11.8308995426055,1.8936981196002,0.032187579097839,0.0276089536584374,9.93720142300525,15.6106622754853,"Pericrocotus flammeus","Pericrocotus_flammeus",27.33760301,"invertebrates"
"Black-hooded Oriole",0,540,529,540,499.4,406.7925,540,38.5,-2.75,133.2075,500,500,28.7198271413829,24.1112100103199,0.0106961153210823,0.00784150230567837,4.60861713106295,20.021826625387,9.52920536635707,0.0247815183021447,0.0153867428921848,10.4926212590299,19.1906217750258,"Oriolus xanthornus","Oriolus_xanthornus",26.9861565,"fruit"
"Maroon Oriole",2,2677,2474,2677,1826.125,1398.0525,2033.45,814.849999999999,499.755,1264.945,2700,1800,17.9305899490168,13.0649429473173,0.0234566611663281,0.0250546434611816,4.86564700169944,11.8308995426055,1.8936981196002,0.032187579097839,0.0276089536584374,9.93720142300525,16.0368918294166,"Oriolus traillii","Oriolus_traillii",26.13313045,"omnivore"
"Red-billed Chough",2,4773.35,4701.7,4885.6,4289.75,4138.16625,4339.2,507.525,377.400000000001,687.749999999999,4800,4300,10.4310321938268,4.10624792565549,0.0175060082637763,0.0102262782246217,6.32478426817126,-0.786634365398251,-11.885677144883,0.0200701256329753,0.0305529003808018,11.0990427794848,22.3167093387098,"Pyrrhocorax pyrrhocorax","Pyrrhocorax_pyrrhocorax",38.08226878,"invertebrates"
"Gray Treepie",0,1985.5,1848.39,2216.31375,2177.3,2040.2675,2297.73,-144.925000000001,-371.407500000001,111.35,2000,2200,21.1280714546117,16.4377506379876,0.0176439072804063,0.0186697283921411,4.69032081662413,9.45784029788995,-0.442594124948283,0.033596221881513,0.0325592174523225,9.90043442283823,21.57066557956,"Dendrocitta formosae","Dendrocitta_formosae",15.79692104,"omnivore"
"Yellow-billed Blue-Magpie",0,3292.8,3145.985,3378.2,3371,3258.1,3427.7,-86.9750000000001,-241.160000000002,44.8125000000002,3300,3400,15.3442415388361,10.3119065010957,0.0267943959260084,0.0258826124198957,5.03233503774044,3.01438848920863,-6.95887290167866,0.0336568610266779,0.0384989497543036,9.97326139088729,22.3031144405148,"Urocissa flavirostris","Urocissa_flavirostris",12.78680638,"invertebrates"
"Common Green-Magpie",1,1551.7,1402,1596.25,1910.725,1697.45,2079.95,-396.349999999999,-642.2875,-132.887499999999,1600,1900,23.0817277321541,18.4424194567277,0.0126500249354417,0.0136981467018319,4.63930827542641,11.2113057612425,1.27545602311721,0.0343526046599801,0.0304217196143785,9.93584973812534,21.8062717090369,"Cissa chinensis","Cissa_chinensis",7.750215296,"omnivore"
"House Crow",0,2563.6,2550.995,2616.05875,2558,2538,2563.7,11.6999999999998,-10.4112500000001,59.2287499999998,2600,2600,18.3618716701413,13.5391938846421,0.0239564046848664,0.0254194662071351,4.82267778549919,7.20138985406532,-2.73446838082001,0.0343872251143592,0.0376227804248053,9.93585823488534,21.0963400509613,"Corvus splendens","Corvus_splendens",36.62683518,"omnivore"
"Large-billed Crow",2,3725.3,3686,3748,3434,3429.4775,3441.04375,291.299999999999,252,314.015,3700,3400,14.0169700528479,8.62660011743981,0.0358790985075387,0.0237316553238349,5.3903699354081,3.01438848920863,-6.95887290167866,0.0336568610266779,0.0384989497543036,9.97326139088729,20.9758429545266,"Corvus macrorhynchos","Corvus_macrorhynchos",38.03851875,"omnivore"
"Eurasian Nutcracker",2,3722,3676.4825,3740.7,3639.1,3565,3680.75,84.5000000000002,35.7237500000005,159.9025,3700,3600,14.0169700528479,8.62660011743981,0.0358790985075387,0.0237316553238349,5.3903699354081,2.45313849219528,-8.26368316174029,0.0291308419162067,0.0311058608678431,10.7168216539356,22.2806532145882,"Nucifraga caryocatactes","Nucifraga_caryocatactes",22.95651226,"seeds"
"Long-tailed Shrike",2,3051.4,2869.70625,3199.4,2044.35,1933.47375,2290,994.4,693.96,1211.35,3100,2000,16.1941407207649,11.2342240745281,0.0239489141417652,0.0245600597273116,4.95991664623682,10.6041560335399,0.688899015676267,0.0348077238604157,0.0315468037560053,9.91525701786365,15.5052417050886,"Lanius schach","Lanius_schach",19.99957577,"invertebrates"
"Gray-backed Shrike",2,3460.625,3257.355,3685.85,2558.725,2530,2598,901.225,692.986249999999,1142.635,3500,2600,14.5190152403283,9.43052754982415,0.0276693976927348,0.0250573679761677,5.0884876905041,7.20138985406532,-2.73446838082001,0.0343872251143592,0.0376227804248053,9.93585823488534,17.2534836211483,"Lanius tephronotus","Lanius_tephronotus",20.3383384,"invertebrates"
"White-throated Fantail",2,2488.3,2474,2578.85,2213.9,1979.43875,2310,297.25,164,538.25125,2500,2200,18.8248406139315,14.0319952774498,0.0235828083203425,0.0252483406293864,4.7928453364817,9.45784029788995,-0.442594124948283,0.033596221881513,0.0325592174523225,9.90043442283823,19.2674347388798,"Rhipidura albicollis","Rhipidura_albicollis",17.32114512,"invertebrates"
"Hair-crested Drongo",2,1723,1572.195,1868.25125,1443.2,1324.58625,1610.99125,302.775,57.4962500000013,499.46125,1700,1400,22.5833305716653,17.9345153272577,0.0142818994319414,0.0152787470232498,4.64881524440762,14.2408968206359,4.20592381523695,0.0316307904148849,0.0243574478237473,10.0349730053989,18.3774067564283,"Dicrurus hottentottus","Dicrurus_hottentottus",24.4694317,"invertebrates"
"Ashy Drongo",2,2836.9,2750.7975,2898.025,1759.65,1737.28625,1900.35,1066,945.06,1144.29125,2800,1800,17.5043603950855,12.6228378703927,0.0251533920959792,0.0263093173475517,4.88152252469284,11.8308995426055,1.8936981196002,0.032187579097839,0.0276089536584374,9.93720142300525,15.6106622754853,"Dicrurus leucophaeus","Dicrurus_leucophaeus",30.10929264,"invertebrates"
"Black Drongo",2,2348.75,2072.295,2605.02875,1487,1282.895,1744.42375,839.674999999998,391.594999999999,1236.13875,2300,1500,19.7516029863856,14.9916117698726,0.018864697759563,0.0201789595963393,4.75999121651296,13.6398242585909,3.61715047858152,0.0323460725620555,0.0253785621727127,10.0226737800094,16.1344525078041,"Dicrurus macrocercus","Dicrurus_macrocercus",27.11140206,"invertebrates"
"Bronzed Drongo",0,2102.2,1679.24,2275.9,1716,1403.88,1748.54,441.6,-39.4800000000001,791.799999999999,2100,1700,20.6456838785968,15.9391013007489,0.0187414067757071,0.0197877334372534,4.70658257784785,12.4347307373654,2.44971002485501,0.0331634284654694,0.0277865521929798,9.98502071251036,18.1959738537418,"Dicrurus aeneus","Dicrurus_aeneus",27.86537116,"invertebrates"
"Green-backed Tit",0,2964.4,2898,3009.82375,2962,2888.46875,2962,12.6250000000005,-60,96.8175000000015,3000,3000,16.603125,11.6901494565217,0.0232537631805764,0.0238841946788466,4.91297554347826,5.03663949275362,-4.85951086956522,0.0323583223490001,0.0350286739555527,9.89615036231884,21.4626358695652,"Parus monticolus","Parus_monticolus",15.66479173,"invertebrates"
"Gray-headed Canary-Flycatcher",2,2561,2484.335,2691.72625,1699.875,1513.27375,1833.65,861.425000000001,710.12625,1064.5125,2600,1700,18.3618716701413,13.5391938846421,0.0239564046848664,0.0254194662071351,4.82267778549919,12.4347307373654,2.44971002485501,0.0331634284654694,0.0277865521929798,9.98502071251036,15.9121616452863,"Culicicapa ceylonensis","Culicicapa_ceylonensis",19.98883172,"invertebrates"
"Black-throated Tit",0,2615.4,2469.2225,2858,2669.65,2470.9475,2677.35,-11.1000000000008,-203.817500000001,330.8475,2600,2700,18.3618716701413,13.5391938846421,0.0239564046848664,0.0254194662071351,4.82267778549919,6.67703326050012,-3.29684389414907,0.033436557440477,0.0370760377524317,9.97387715464919,21.6587155642904,"Aegithalos concinnus","Aegithalos_concinnus",17.63180272,"invertebrates"
"Chestnut-headed Tesia",2,3146,3146,3146,2358.8,2253.8675,2474,787.2,672,892.1325,3100,2400,16.1941407207649,11.2342240745281,0.0239489141417652,0.0245600597273116,4.95991664623682,8.31696588868941,-1.58765709156194,0.0310316457269272,0.0319761757112239,9.90462298025135,17.7817978123268,"Tesia castaneocoronata","Tesia_castaneocoronata",13.81636995,"invertebrates"
"Lemon-rumped Warbler",2,3518,3518,3518,2718.175,2552.32875,2884.02125,799.825,633.97875,965.67125,3500,2700,14.5190152403283,9.43052754982415,0.0276693976927348,0.0250573679761677,5.0884876905041,6.67703326050012,-3.29684389414907,0.033436557440477,0.0370760377524317,9.97387715464919,17.8158591344774,"Phylloscopus chloronotus","Phylloscopus_chloronotus",16.95657218,"invertebrates"
"Ashy-throated Warbler",2,3380.95,3244.8,3478.0375,2768,2677,2804.43,635.3,476.845,766,3400,2800,14.9048920863309,9.86165467625899,0.0281397514046201,0.0275389760955779,5.04323741007194,6.18354613346182,-3.79865092748735,0.033579268435784,0.0370745515516032,9.98219706094917,18.7035430138183,"Phylloscopus maculipennis","Phylloscopus_maculipennis",16.98375989,"invertebrates"
"Gray-hooded Warbler",0,2448.9,2368,2474,2325,2264.74375,2374,102.975,-1.46749999999982,181.86125,2400,2300,19.2857944344704,14.5157091561939,0.0189220981927332,0.0197535127200004,4.77008527827648,8.8681379007466,-1.03197189284146,0.0325736632643228,0.0330668609518136,9.90010979358805,20.3177663273119,"Phylloscopus xanthoschistos","Phylloscopus_xanthoschistos",16.03329717,"invertebrates"
"Whistler's Warbler",2,3289.3,3175.15,3361,1840.6,1744.985,2063,1457.025,1208.82875,1596.3725,3300,1800,15.3442415388361,10.3119065010957,0.0267943959260084,0.0258826124198957,5.03233503774044,11.8308995426055,1.8936981196002,0.032187579097839,0.0276089536584374,9.93720142300525,13.4505434192359,"Seicercus whistleri","Seicercus_whistleri",14.76874658,"invertebrates"
"Rufous-winged Fulvetta",2,2960.875,2889.50625,3032.24375,2509,2389.3,2628.7,451.875,260.80625,642.94375,3000,2500,16.603125,11.6901494565217,0.0232537631805764,0.0238841946788466,4.91297554347826,7.73605667060213,-2.16396694214876,0.0344990943898122,0.0370637649179759,9.90002361275089,18.7670919421488,"Alcippe castaneceps","Alcippe_castaneceps",14.43226218,"invertebrates"
"Nepal Fulvetta",0,2158.5,1951.95,2449.25,1943.2,1844.7775,2044.5625,192.949999999998,-48.3099999999998,512.0575,2200,1900,20.2012205213074,15.4710591642532,0.0184162197454443,0.0195920417841669,4.7301613570542,11.2113057612425,1.27545602311721,0.0343526046599801,0.0304217196143785,9.93584973812534,18.9257644981902,"Alcippe nipalensis","Alcippe_nipalensis",9.230127309,"invertebrates"
"Indian White-eye",2,2543.2,2388.0525,2556.25,1998.1,1863.1,2309,533.125000000002,186.327499999996,685.5125,2500,2000,18.8248406139315,14.0319952774498,0.0235828083203425,0.0252483406293864,4.7928453364817,10.6041560335399,0.688899015676267,0.0348077238604157,0.0315468037560053,9.91525701786365,18.1359415982552,"Zosterops palpebrosus","Zosterops_palpebrosus",21.11433824,"omnivore"
"Rufous-vented Yuhina",2,3527.9,3449.6525,3609.85,2669.8,2560.3225,2678.8,874.9,782.042499999999,993.462499999999,3500,2700,14.5190152403283,9.43052754982415,0.0276693976927348,0.0250573679761677,5.0884876905041,6.67703326050012,-3.29684389414907,0.033436557440477,0.0370760377524317,9.97387715464919,17.8158591344774,"Yuhina occipitalis","Yuhina_occipitalis",15.62917307,"invertebrates"
"Stripe-throated Yuhina",2,3361,3234.32125,3368.7,2762.025,2702.065,2776.8,589.35,477.83,652.54,3400,2800,14.9048920863309,9.86165467625899,0.0281397514046201,0.0275389760955779,5.04323741007194,6.18354613346182,-3.79865092748735,0.033579268435784,0.0370745515516032,9.98219706094917,18.7035430138183,"Yuhina gularis","Yuhina_gularis",18.54342757,"invertebrates"
"Whiskered Yuhina",2,2814.9,2771,2839,2529.275,2469.78125,2633.6,291.25,167.759999999999,360.215,2800,2500,17.5043603950855,12.6228378703927,0.0251533920959792,0.0263093173475517,4.88152252469284,7.73605667060213,-2.16396694214876,0.0344990943898122,0.0370637649179759,9.90002361275089,19.6683273372343,"Yuhina flavicollis","Yuhina_flavicollis",16.47946843,"invertebrates"
"Chestnut-crowned Laughingthrush",2,3146,3146,3151.85,2979,2926.985,2990.42375,167,155.600000000004,219.015,3100,3000,16.1941407207649,11.2342240745281,0.0239489141417652,0.0245600597273116,4.95991664623682,5.03663949275362,-4.85951086956522,0.0323583223490001,0.0350286739555527,9.89615036231884,21.0536515903301,"Garrulax erythrocephalus","Garrulax_erythrocephalus",3.950341178,"invertebrates"
"Striated Laughingthrush",0,2746.2,2677,2771,2733.55,2677,2790.05,4.25,-93.0712500000001,94,2700,2700,17.9305899490168,13.0649429473173,0.0234566611663281,0.0250546434611816,4.86564700169944,6.67703326050012,-3.29684389414907,0.033436557440477,0.0370760377524317,9.97387715464919,21.2274338431659,"Garrulax striatus","Garrulax_striatus",9.883632758,"invertebrates"
"Black-faced Laughingthrush",2,4164,4116,4249.5,3839.05,3752,3884.1,336,240.511250000001,471.33625,4200,3800,12.5553965708647,6.47604539287036,0.0297800685825017,0.0165652042568043,6.07935117799433,1.33559399180701,-9.42699135184342,0.0244590475764182,0.0359039702527534,10.7625853436504,21.9823879227081,"Garrulax affinis","Garrulax_affinis",6.885889356,"invertebrates"
"Jungle Babbler",1,972.6,554.8325,1164.3875,1320.625,1207.4225,1469.8,-387.775000000001,-832.9875,-111.295,1000,1300,26.1136041174016,21.5037835582139,0.0106850279975913,0.0102623128450242,4.60982055918765,14.8761166818596,4.77329079307201,0.0316789893227845,0.0229754654456803,10.1028258887876,21.3403133243296,"Turdoides striata","Turdoides_striata",9.46000401,"omnivore"
"White-crested Laughingthrush",0,1739,1738.2425,1936.81,1819.35,1739,1935,-58.7250000000007,-196,125.014999999999,1700,1800,22.5833305716653,17.9345153272577,0.0142818994319414,0.0152787470232498,4.64881524440762,11.8308995426055,1.8936981196002,0.032187579097839,0.0276089536584374,9.93720142300525,20.6896324520651,"Garrulax leucolophus","Garrulax_leucolophus",5.692448289,"invertebrates"
"Spotted Laughingthrush",1,3406.65,3326,3434.7,3542,3539.6,3542.3,-135.5,-216,-103.995,3400,3500,14.9048920863309,9.86165467625899,0.0281397514046201,0.0275389760955779,5.04323741007194,2.54030480656506,-7.43521688159437,0.031090642904103,0.0358228915066195,9.97552168815944,22.3401089679253,"Garrulax ocellatus","Garrulax_ocellatus",9.56223762,"omnivore"
"White-throated Laughingthrush",2,3152.75,3092.8,3232.60125,2816.25,2731.78875,2868,341.150000000001,265.5275,445.113749999999,3200,2800,15.7545022570682,10.7709907341411,0.0251375872986234,0.0249952979752059,4.98351152292706,6.18354613346182,-3.79865092748735,0.033579268435784,0.0370745515516032,9.98219706094917,19.5531531845556,"Garrulax albogularis","Garrulax_albogularis",7.277778343,"invertebrates"
"Red-tailed Minla",2,3040.2,2984.62375,3130.75,2471.8,2244.9475,2585.1,581.775,432.04625,823.2125,3000,2500,16.603125,11.6901494565217,0.0232537631805764,0.0238841946788466,4.91297554347826,7.73605667060213,-2.16396694214876,0.0344990943898122,0.0370637649179759,9.90002361275089,18.7670919421488,"Minla ignotincta","Minla_ignotincta",15.57967108,"invertebrates"
"Chestnut-tailed Minla",2,3268.45,3146,3361,2819,2756.995,2915.8,447.9,309.320000000001,570.7425,3300,2800,15.3442415388361,10.3119065010957,0.0267943959260084,0.0258826124198957,5.03233503774044,6.18354613346182,-3.79865092748735,0.033579268435784,0.0370745515516032,9.98219706094917,19.1428924663234,"Minla strigula","Minla_strigula",14.13029854,"invertebrates"
"Blue-winged Minla",2,2681.5,2490.9575,2698,2030.5,1816.685,2325,592.8,239.905000000001,856.8,2700,2000,17.9305899490168,13.0649429473173,0.0234566611663281,0.0250546434611816,4.86564700169944,10.6041560335399,0.688899015676267,0.0348077238604157,0.0315468037560053,9.91525701786365,17.2416909333405,"Minla cyanouroptera","Minla_cyanouroptera",9.945848157,"omnivore"
"Rusty-fronted Barwing",0,2474,2463,2474,2463,2303.4625,2474,10.4499999999998,-11,169.9875,2500,2500,18.8248406139315,14.0319952774498,0.0235828083203425,0.0252483406293864,4.7928453364817,7.73605667060213,-2.16396694214876,0.0344990943898122,0.0370637649179759,9.90002361275089,20.9888075560803,"Actinodura egertoni","Actinodura_egertoni",10.8499953,"invertebrates"
"Red-billed Leiothrix",2,2753.4,2749,2777.8175,2472.1,2347.46875,2641.3525,285.175,114,411.55375,2800,2500,17.5043603950855,12.6228378703927,0.0251533920959792,0.0263093173475517,4.88152252469284,7.73605667060213,-2.16396694214876,0.0344990943898122,0.0370637649179759,9.90002361275089,19.6683273372343,"Leiothrix lutea","Leiothrix_lutea",12.74622441,"invertebrates"
"Rufous Sibia",2,3022.45,2943.975,3058.5,2805,2767.98375,2886.45,216.75,119.9825,268.222499999999,3000,2800,16.603125,11.6901494565217,0.0232537631805764,0.0238841946788466,4.91297554347826,6.18354613346182,-3.79865092748735,0.033579268435784,0.0370745515516032,9.98219706094917,20.4017759274873,"Heterophasia capistrata","Heterophasia_capistrata",16.87569208,"omnivore"
"Beautiful Sibia",2,3046,2948.8125,3146,2474,2467.75,2474,572,477.025,673.845,3000,2500,16.603125,11.6901494565217,0.0232537631805764,0.0238841946788466,4.91297554347826,7.73605667060213,-2.16396694214876,0.0344990943898122,0.0370637649179759,9.90002361275089,18.7670919421488,"Heterophasia pulchella","Heterophasia_pulchella",17.69217273,"invertebrates"
"Rufous-capped Babbler",2,2929.05,2866.51,2983.3575,2624.3,2558.96,2632.3825,340.85,239.49,357.665,2900,2600,17.0326097328244,12.1303196564885,0.0241616794089734,0.02497522694494,4.90229007633588,7.20138985406532,-2.73446838082001,0.0343872251143592,0.0376227804248053,9.93585823488534,19.7670781136444,"Stachyris ruficeps","Stachyris_ruficeps",9.846389316,"invertebrates"
"Rusty-cheeked Scimitar-Babbler",0,1997.55,1947.4,2017,1959.85,1937.85,2004.475,25.75,-18.9,72.9,2000,2000,21.1280714546117,16.4377506379876,0.0176439072804063,0.0186697283921411,4.69032081662413,10.6041560335399,0.688899015676267,0.0348077238604157,0.0315468037560053,9.91525701786365,20.4391724389354,"Pomatorhinus erythrogenys","Pomatorhinus_erythrogenys",5.504791561,"invertebrates"
"Streak-breasted Scimitar-Babbler",2,3066,2920.9175,3146,2740.6,2739,2764.8,317.6,167.0975,407,3100,2700,16.1941407207649,11.2342240745281,0.0239489141417652,0.0245600597273116,4.95991664623682,6.67703326050012,-3.29684389414907,0.033436557440477,0.0370760377524317,9.97387715464919,19.490984614914,"Pomatorhinus ruficollis","Pomatorhinus_ruficollis",10.00654519,"invertebrates"
"Common Tailorbird",1,1463.4,1406.2375,1648.35,1673,1582.955,1735.15,-200.85,-307.1025,-14.0424999999993,1500,1700,23.5779067942884,18.9508394790523,0.0123556145661597,0.0130859389044514,4.62706731523615,12.4347307373654,2.44971002485501,0.0331634284654694,0.0277865521929798,9.98502071251036,21.1281967694334,"Orthotomus sutorius","Orthotomus_sutorius",10.61962388,"invertebrates"
"Red-vented Bulbul",0,1944,1857.5975,2015,1973.7,1935,2055,-39.1750000000006,-145.0025,52.6512499999959,1900,2000,21.6026548672566,16.9230991511649,0.015506231039612,0.0168097247168437,4.67955571609174,10.6041560335399,0.688899015676267,0.0348077238604157,0.0315468037560053,9.91525701786365,20.9137558515803,"Pycnonotus cafer","Pycnonotus_cafer",16.99361609,"omnivore"
"Himalayan Bulbul",0,2189.55,2015,2290,2089,1824.4,2251,115.75,-143.987499999999,399.4875,2200,2100,20.2012205213074,15.4710591642532,0.0184162197454443,0.0195920417841669,4.7301613570542,10.049783208514,0.136066219944817,0.0346009355251575,0.0323445171930573,9.91371698856918,20.0651543013626,"Pycnonotus leucogenys","Pycnonotus_leucogenys",14.63443237,"omnivore"
"Red-whiskered Bulbul",0,1314.4,954,1488.31,1225.3,1144,1257.6,111.6,-293.2,320.905,1300,1200,24.5725767243999,19.9603312063203,0.0112184480742628,0.0117340827958435,4.61224551807961,15.5046371833405,5.37473880062974,0.0309450666103673,0.0219576847205654,10.1298983827107,19.1978379237702,"Pycnonotus jocosus","Pycnonotus_jocosus",14.25432338,"omnivore"
"Black-crested Bulbul",2,1790.2,1568.28,1861.16,1283.1,1229.1125,1328.855,535.449999999999,246.1525,577.124999999999,1800,1300,22.1007962053193,17.4410299847535,0.0133087444797409,0.0148518874749508,4.65976622056581,14.8761166818596,4.77329079307201,0.0316789893227845,0.0229754654456803,10.1028258887876,17.3275054122473,"Pycnonotus melanicterus","Pycnonotus_melanicterus",11.70930131,"fruit"
"White-throated Bulbul",0,1084,994,1273,1142.05,1061.33,1431.95,-76.9999999999998,-429.47,199,1100,1100,25.5989433519225,20.992750220135,0.0107942732548264,0.0107331158590115,4.6061931317875,16.1586439683006,5.98620487232169,0.0312989100241542,0.0214319658357402,10.1724390959789,19.6127384796008,"Alophoixus flaveolus","Alophoixus_flaveolus",16.53534699,"fruit"
"Mountain Bulbul",1,2050.6,1955.2875,2298.65,2467.4,2350.325,2474,-392.400000000001,-512.84,-59.0275000000001,2100,2500,20.6456838785968,15.9391013007489,0.0187414067757071,0.0197877334372534,4.70658257784785,7.73605667060213,-2.16396694214876,0.0344990943898122,0.0370637649179759,9.90002361275089,22.8096508207456,"Hypsipetes mcclellandii","Hypsipetes_mcclellandii",18.08391102,"omnivore"
"Black Bulbul",2,2785.85,2749,2839.0525,2412.5,2156,2467.4,382.95,286,648.119999999999,2800,2400,17.5043603950855,12.6228378703927,0.0251533920959792,0.0263093173475517,4.88152252469284,8.31696588868941,-1.58765709156194,0.0310316457269272,0.0319761757112239,9.90462298025135,19.0920174866474,"Hypsipetes leucocephalus","Hypsipetes_leucocephalus",24.70445229,"fruit"
"Oriental Magpie-Robin",1,1597.7,1488.11125,1736,1784,1722,1862.0225,-190.975,-334.6075,-16.4962500000004,1600,1800,23.0817277321541,18.4424194567277,0.0126500249354417,0.0136981467018319,4.63930827542641,11.8308995426055,1.8936981196002,0.032187579097839,0.0276089536584374,9.93720142300525,21.1880296125539,"Copsychus saularis","Copsychus_saularis",18.59340096,"invertebrates"
"Large Niltava",0,2246.325,2094.625,2306,2265.775,2098.625,2325,-18.2750000000005,-208.075,188.2125,2200,2300,20.2012205213074,15.4710591642532,0.0184162197454443,0.0195920417841669,4.7301613570542,8.8681379007466,-1.03197189284146,0.0325736632643228,0.0330668609518136,9.90010979358805,21.2331924141489,"Niltava grandis","Niltava_grandis",19.75640767,"invertebrates"
"Small Niltava",2,2399.75,2046.44625,2474,1766.1,1575.43875,1843.90375,628.325000000001,282.1975,858.715,2400,1800,19.2857944344704,14.5157091561939,0.0189220981927332,0.0197535127200004,4.77008527827648,11.8308995426055,1.8936981196002,0.032187579097839,0.0276089536584374,9.93720142300525,17.3920963148702,"Niltava macgrigoriae","Niltava_macgrigoriae",16.34040579,"invertebrates"
"Gray Bushchat",2,3025.75,2938.80875,3046,2318.35,2076.69625,2330.8,721,633.95,948.955000000001,3000,2300,16.603125,11.6901494565217,0.0232537631805764,0.0238841946788466,4.91297554347826,8.8681379007466,-1.03197189284146,0.0325736632643228,0.0330668609518136,9.90010979358805,17.6350968928415,"Saxicola ferreus","Saxicola_ferreus",18.27315103,"invertebrates"
"White-capped Redstart",2,4346.4,4217,4359,2775,2615,2836.88,1554,1412,1718.11,4300,2800,12.1718860789411,6.06856535098086,0.0280056864695184,0.0157269165681507,6.10332072796029,6.18354613346182,-3.79865092748735,0.033579268435784,0.0370745515516032,9.98219706094917,15.9705370064284,"Chaimarrornis leucocephalus","Chaimarrornis_leucocephalus",19.9228806,"invertebrates"
"Plumbeous Redstart",2,3117.35,2878.35,3278.05,2474,2388,2552.75875,630.525,377.045000000001,821.863749999999,3100,2500,16.1941407207649,11.2342240745281,0.0239489141417652,0.0245600597273116,4.95991664623682,7.73605667060213,-2.16396694214876,0.0344990943898122,0.0370637649179759,9.90002361275089,18.3581076629137,"Rhyacornis fuliginosa","Rhyacornis_fuliginosa",25.41461187,"invertebrates"
"Blue-fronted Redstart",2,4326.5,4317,4393,3088.8,3036.55,3111,1265.5,1212.225,1334.825,4300,3100,12.1718860789411,6.06856535098086,0.0280056864695184,0.0157269165681507,6.10332072796029,4.56844814905614,-5.39786712429517,0.0326179173797203,0.0360259510704347,9.96631527335131,17.5697532032363,"Phoenicurus frontalis","Phoenicurus_frontalis",23.22957052,"invertebrates"
"Blue Whistling-Thrush",2,3141.4,3137,3258.49125,2979,2962,3060.04125,165.199999999999,96.2000000000035,279.449999999999,3100,3000,16.1941407207649,11.2342240745281,0.0239489141417652,0.0245600597273116,4.95991664623682,5.03663949275362,-4.85951086956522,0.0323583223490001,0.0350286739555527,9.89615036231884,21.0536515903301,"Myophonus caeruleus","Myophonus_caeruleus",20.72113387,"invertebrates"
"White-collared Blackbird",2,3854.8,3710,3932,3402.8,3305.15,3407,457.95,305.97,567.9025,3900,3400,13.7885426460712,7.6716319677636,0.0338838266223767,0.0181327735645811,6.11691067830759,3.01438848920863,-6.95887290167866,0.0336568610266779,0.0384989497543036,9.97326139088729,20.7474155477499,"Turdus albocinctus","Turdus_albocinctus",24.90550183,"omnivore"
"Common Myna",0,1816.65,1719.5325,1945.0375,1965,1814.6825,2147.245,-157.95,-395.56125,24.3425000000004,1800,2000,22.1007962053193,17.4410299847535,0.0133087444797409,0.0148518874749508,4.65976622056581,10.6041560335399,0.688899015676267,0.0348077238604157,0.0315468037560053,9.91525701786365,21.411897189643,"Acridotheres tristis","Acridotheres_tristis",21.84696376,"omnivore"
"Jungle Myna",0,1106.625,340.4825,1417.95,1144.3,814.445,1257.95,-16.9999999999995,-822.942499999999,426.0275,1100,1100,25.5989433519225,20.992750220135,0.0107942732548264,0.0107331158590115,4.6061931317875,16.1586439683006,5.98620487232169,0.0312989100241542,0.0214319658357402,10.1724390959789,19.6127384796008,"Acridotheres fuscus","Acridotheres_fuscus",24.7162719,"omnivore"
"Chestnut-tailed Starling",2,1416,1230.5825,1498.8325,894.499999999999,823.415,1184.9,483.275,199.523750000002,632.492499999999,1400,900,24.0707108578284,19.451799640072,0.0119630728366704,0.0126488271355564,4.61891121775645,17.4571645709548,7.18316982174934,0.029506931452875,0.0189098326342412,10.2739947492055,16.8875410360791,"Sturnus malabaricus","Sturnus_malabaricus",30.54295576,"omnivore"
"Asian Pied Starling",0,419,317.5975,444.2,461.125,333.375,538.2,-35.8749999999997,-146.3575,87.2999999999996,400,500,29.2241525423729,24.631986093003,0.00987866219193129,0.00656715024153167,4.59216644936984,20.021826625387,9.52920536635707,0.0247815183021447,0.0153867428921848,10.4926212590299,19.6949471760158,"Sturnus contra","Sturnus_contra",22.54255993,"omnivore"
"Common Hill Myna",1,1299.2,664.25,1703.05,1947.4,1861.96,1962.17,-631.6,-1219.2625,-251.805,1300,1900,24.5725767243999,19.9603312063203,0.0112184480742628,0.0117340827958435,4.61224551807961,11.2113057612425,1.27545602311721,0.0343526046599801,0.0304217196143785,9.93584973812534,23.2971207012827,"Gracula religiosa","Gracula_religiosa",27.15617108,"fruit"
"White-tailed Nuthatch",2,3118.8,2802.91,3139.7,2766.2,2570.18125,2866,316.8,15.1362500000004,558.479999999999,3100,2800,16.1941407207649,11.2342240745281,0.0239489141417652,0.0245600597273116,4.95991664623682,6.18354613346182,-3.79865092748735,0.033579268435784,0.0370745515516032,9.98219706094917,19.9927916482523,"Sitta himalayensis","Sitta_himalayensis",20.4149484,"invertebrates"
"Chestnut-bellied Nuthatch",0,2052.5,1833.91875,2235.75,1954,1536.935,2109.265,111.5,-184.322499999998,500.992500000001,2100,2000,20.6456838785968,15.9391013007489,0.0187414067757071,0.0197877334372534,4.70658257784785,10.6041560335399,0.688899015676267,0.0348077238604157,0.0315468037560053,9.91525701786365,19.9567848629205,"Sitta castanea","Sitta_castanea",22.47727329,"invertebrates"
"Olive-backed Pipit",2,4053.5,3886.75,4097.65,2902,2851.6,2962,1141.725,984.13125,1241.65,4100,2900,12.9574206755374,6.88892016376663,0.0307805459909233,0.016368327445213,6.06850051177073,5.56545801526718,-4.35016698473282,0.0341760254337452,0.0360429302513624,9.915625,17.3075876602702,"Anthus hodgsoni","Anthus_hodgsoni",25.89732612,"invertebrates"
"Russet Sparrow",0,3138.05,3086.95,3141.8075,3140,3139.4,3140,-1.80000000000018,-53.0500000000011,2.09999999999991,3100,3100,16.1941407207649,11.2342240745281,0.0239489141417652,0.0245600597273116,4.95991664623682,4.56844814905614,-5.39786712429517,0.0326179173797203,0.0360259510704347,9.96631527335131,21.5920078450601,"Passer rutilans","Passer_rutilans",31.53067654,"seeds"
"Eurasian Tree Sparrow",0,2611,2561.9,2715.7625,2731.1,2606.2,2848,-108.275,-273.76625,66.0587500000002,2600,2700,18.3618716701413,13.5391938846421,0.0239564046848664,0.0254194662071351,4.82267778549919,6.67703326050012,-3.29684389414907,0.033436557440477,0.0370760377524317,9.97387715464919,21.6587155642904,"Passer montanus","Passer_montanus",22.83723871,"seeds"
"House Sparrow",2,2079,1961.325,2186.7225,1854,1562.725,2032.6,228,40.6350000000006,554.716250000001,2100,1900,20.6456838785968,15.9391013007489,0.0187414067757071,0.0197877334372534,4.70658257784785,11.2113057612425,1.27545602311721,0.0343526046599801,0.0304217196143785,9.93584973812534,19.3702278554796,"Passer domesticus","Passer_domesticus",25.709883,"seeds"
"Orange-bellied Leafbird",1,1834.6,1739,1927,2186.7,1962.35,2463,-365.349999999999,-694.6975,-98.2700000000009,1800,2200,22.1007962053193,17.4410299847535,0.0133087444797409,0.0148518874749508,4.65976622056581,9.45784029788995,-0.442594124948283,0.033596221881513,0.0325592174523225,9.90043442283823,22.5433903302676,"Chloropsis hardwickii","Chloropsis_hardwickii",19.49529362,"omnivore"
"Streaked Spiderhunter",2,2107.5,2057.38,2439.8,1339,1235.32,1383.2,767,697.536249999999,1096.44,2100,1300,20.6456838785968,15.9391013007489,0.0187414067757071,0.0197877334372534,4.70658257784785,14.8761166818596,4.77329079307201,0.0316789893227845,0.0229754654456803,10.1028258887876,15.8723930855248,"Arachnothera magna","Arachnothera_magna",17.61684357,"omnivore"
"Fire-breasted Flowerpecker",2,2749,2715.85,2750.1,2345.7,2233,2463,397.9,286,516,2700,2300,17.9305899490168,13.0649429473173,0.0234566611663281,0.0250546434611816,4.86564700169944,8.8681379007466,-1.03197189284146,0.0325736632643228,0.0330668609518136,9.90010979358805,18.9625618418583,"Dicaeum ignipectus","Dicaeum_ignipectus",23.28177999,"omnivore"
"Crimson Sunbird",2,1556,1455.6575,1801.62,1416.175,1395.145,1499.90125,146.65,34.5050000000001,384.623749999999,1600,1400,23.0817277321541,18.4424194567277,0.0126500249354417,0.0136981467018319,4.63930827542641,14.2408968206359,4.20592381523695,0.0316307904148849,0.0243574478237473,10.0349730053989,18.8758039169171,"Aethopyga siparaja","Aethopyga_siparaja",17.45259455,"omnivore"
"Black-throated Sunbird",2,2133.35,2029.85,2281.25,1788.6,1625.745,1976.2225,352.3,117.585,584.127499999999,2100,1800,20.6456838785968,15.9391013007489,0.0187414067757071,0.0197877334372534,4.70658257784785,11.8308995426055,1.8936981196002,0.032187579097839,0.0276089536584374,9.93720142300525,18.7519857589966,"Aethopyga saturata","Aethopyga_saturata",16.24088176,"omnivore"
"Green-tailed Sunbird",2,3146,3141.8,3146,2584.8,2469.1925,2677,561.2,469,676.8,3100,2600,16.1941407207649,11.2342240745281,0.0239489141417652,0.0245600597273116,4.95991664623682,7.20138985406532,-2.73446838082001,0.0343872251143592,0.0376227804248053,9.93585823488534,18.9286091015849,"Aethopyga nipalensis","Aethopyga_nipalensis",18.29359049,"omnivore"
"Eurasian Collared-Dove",2,1167.69999999999,1067,1790.17,463,375.22,463,712.3,604,1327.17,1200,500,25.0893087161872,20.4820666952913,0.0109226545265803,0.0111869571864997,4.60724202089595,20.021826625387,9.52920536635707,0.0247815183021447,0.0153867428921848,10.4926212590299,15.5601033498301,"Streptopelia decaocto","Streptopelia_decaocto",37.84538878,"omnivore"
"Oriental Turtle-Dove",2,3140,3137,3232.85125,2850.8,2784.31625,2893.2,294.6,247.25,401.705000000002,3100,2900,16.1941407207649,11.2342240745281,0.0239489141417652,0.0245600597273116,4.95991664623682,5.56545801526718,-4.35016698473282,0.0341760254337452,0.0360429302513624,9.915625,20.5443077054977,"Streptopelia orientalis","Streptopelia_orientalis",32.75114632,"omnivore"
"Spotted Dove",2,2192,2015,2290.11875,1639.85,1400.76125,1869.8475,534.950000000001,240.946250000001,838.80375,2200,1600,20.2012205213074,15.4710591642532,0.0184162197454443,0.0195920417841669,4.7301613570542,13.026958307012,3.04011370814908,0.0320412434337288,0.0257665590682289,9.98684459886292,17.1611068131583,"Stigmatopelia chinensis","Stigmatopelia_chinensis",30.6093332,"seeds"
